{
  "baseline": {
    "MAE": 45.65310287475586,
    "R2": -1.0848045349121094e-05
  },
  "linear_regression": {
    "MAE": 29.285240173339844,
    "R2": 0.36237579584121704
  },
  "random_forest": {
    "MAE": 26.10200045499179,
    "R2": 0.34972124191052667
  }
}