{
  "baseline": {
    "MAE": 2.3172203924323655,
    "R2": -0.00147785460336336
  },
  "linear_regression": {
    "MAE": 2.026560034174288,
    "R2": 0.2607737695601531
  },
  "random_forest": {
    "MAE": 1.785377749856917,
    "R2": 0.35637556658190306
  }
}